"","CASE","O_1","O_2","O_3","C_1","C_2","C_3","E_1","E_2","E_3","A_1","A_2","A_3","N_1","N_2","N_3"
"1",1,6,6,6,6,6,6,1,2,2,5,5,5,2,4,4
"2",2,6,6,6,5,4,5,4,5,5,5,6,6,4,2,2
"3",3,5,4,6,4,5,5,5,5,6,5,6,6,6,5,6
"4",4,3,6,6,5,5,5,5,6,5,2,3,5,6,5,3
"5",5,6,6,6,4,6,2,3,1,2,5,3,4,4,5,5
"6",6,1,1,6,2,3,4,1,1,1,4,2,1,1,1,1
"7",7,6,6,6,5,4,4,1,3,3,6,6,6,6,5,6
"8",8,5,5,NA,4,NA,2,4,4,3,5,4,4,3,4,4
"9",9,6,6,6,6,6,4,1,1,1,6,6,1,6,3,4
"10",10,5,5,6,5,4,3,1,5,6,5,6,6,5,5,4
"11",11,6,6,6,6,6,5,6,5,5,5,3,4,6,6,6
"12",12,4,5,6,5,5,1,1,1,2,5,4,3,6,4,5
"13",13,6,6,6,5,4,4,4,5,6,5,6,2,6,5,6
"14",14,5,5,6,5,5,5,2,3,2,5,5,5,5,4,3
"15",15,6,6,6,5,6,6,1,2,3,5,3,3,6,6,4
"16",16,5,6,6,5,6,6,3,3,5,6,6,6,4,3,5
"17",17,5,4,6,2,3,3,2,NA,5,3,6,5,5,3,4
"18",18,5,5,6,4,3,3,5,5,6,5,5,4,3,3,3
"19",19,5,5,6,6,4,6,4,6,6,6,6,6,6,5,5
"20",20,6,6,6,5,4,2,4,6,5,6,5,5,5,3,4
"21",21,6,6,6,5,4,4,2,5,5,4,5,6,4,3,3
"22",22,5,5,6,4,5,4,3,3,2,5,5,5,4,3,3
"23",23,5,3,6,5,5,3,6,6,6,5,6,6,5,3,4
"24",24,6,5,6,5,2,4,2,2,2,5,3,4,3,4,3
"25",25,4,6,6,5,6,6,4,5,3,5,5,6,6,6,6
"26",26,6,6,6,5,5,5,4,5,3,5,6,5,5,5,5
"27",27,6,6,6,6,4,4,1,4,3,5,5,5,3,4,5
"28",28,6,5,6,5,5,5,4,5,6,5,5,6,3,4,5
"29",29,4,3,6,6,5,5,4,5,4,4,5,4,3,4,3
"30",30,4,3,6,5,4,4,2,2,3,6,6,5,6,3,4
"31",31,2,5,6,4,6,6,5,2,3,5,4,2,2,2,3
"32",32,4,5,6,6,5,4,2,4,5,4,5,5,6,5,5
"33",33,2,3,6,4,3,2,1,1,1,4,3,2,3,2,2
"34",34,1,1,6,6,1,6,1,1,1,6,6,6,1,6,1
"35",35,6,5,6,5,6,5,3,5,4,5,6,5,6,5,5
"36",36,6,6,6,5,5,4,1,1,1,6,6,6,1,1,1
"37",37,5,6,6,5,1,2,1,1,6,6,5,3,6,4,2
"38",38,5,5,6,5,5,3,3,5,5,6,6,6,3,2,3
"39",39,6,5,6,5,6,3,2,5,3,6,6,2,1,3,1
"40",40,5,5,6,5,6,6,5,5,2,5,5,5,5,2,3
"41",41,1,6,6,6,6,6,6,2,1,6,5,4,2,2,2
"42",42,5,5,6,6,3,3,2,2,3,2,2,4,5,4,6
"43",43,1,1,6,5,5,5,4,6,3,6,5,5,6,6,2
"44",44,6,6,6,2,3,2,2,1,2,6,5,5,3,2,3
"45",45,5,5,6,5,4,4,4,2,3,4,4,5,3,4,3
"46",46,1,6,6,4,5,1,1,3,1,5,5,4,3,1,3
"47",47,3,4,6,6,5,3,4,4,3,5,4,5,5,6,6
"48",48,NA,6,6,1,3,3,1,1,2,3,4,4,4,1,4
"49",49,6,6,6,5,2,1,2,1,3,5,5,6,3,2,4
"50",50,6,6,6,5,4,6,3,4,4,5,4,5,3,3,3
"51",51,6,6,6,6,6,6,1,1,1,6,1,6,6,1,6
"52",52,3,4,6,5,5,4,1,1,1,4,3,3,3,2,2
"53",53,6,6,6,5,5,6,1,2,3,5,6,6,4,4,3
"54",54,6,6,6,5,3,5,3,2,4,4,3,3,2,5,5
"55",55,6,6,6,6,6,6,4,5,3,5,4,5,5,6,6
"56",56,6,6,6,6,6,1,6,6,6,6,6,6,6,6,6
"57",57,6,6,6,6,6,6,3,6,2,6,6,6,6,6,6
"58",58,6,6,6,4,4,3,3,1,2,5,4,2,2,3,2
"59",59,6,6,6,6,6,6,3,4,5,5,5,5,5,3,4
"60",60,6,6,6,4,5,5,2,3,3,4,4,6,3,5,3
"61",61,6,6,6,6,5,5,2,4,6,6,6,6,6,6,6
"62",62,6,6,6,5,5,5,4,3,6,5,6,6,3,1,4
"63",63,1,6,6,6,6,6,6,6,6,6,1,6,1,6,1
"64",64,6,6,6,2,1,1,5,6,6,5,5,5,5,2,6
"65",65,6,6,6,6,6,6,1,4,6,6,6,6,3,6,4
"66",66,6,6,6,5,4,1,5,5,6,5,2,2,5,1,2
"67",67,6,6,6,5,6,4,4,2,3,4,3,4,6,4,5
"68",68,5,5,6,6,5,5,4,3,4,4,1,1,6,6,6
"69",69,6,6,6,6,3,5,6,6,6,6,6,6,1,6,3
"70",70,3,3,6,5,4,4,3,3,3,4,4,3,3,4,3
"71",71,6,6,6,5,4,4,3,2,3,4,5,3,5,5,5
"72",72,5,5,6,3,4,3,5,5,5,5,6,6,4,2,3
"73",73,3,4,6,6,6,5,2,5,4,6,6,6,2,4,2
"74",74,5,5,6,4,4,5,1,1,2,1,1,3,5,6,5
"75",75,6,6,6,6,5,5,3,2,2,4,4,3,6,5,6
"76",76,6,5,6,5,5,5,5,5,5,5,6,6,5,5,6
"77",77,6,6,6,5,6,5,5,5,6,6,6,6,6,4,6
"78",78,6,6,6,6,6,6,5,6,6,6,6,6,5,6,4
"79",79,6,6,6,6,6,6,6,6,6,6,6,6,6,6,1
"80",80,5,4,6,5,3,2,2,4,3,4,4,4,3,4,3
"81",81,2,1,6,4,3,2,1,1,1,5,5,5,3,5,3
"82",82,6,6,6,6,5,3,4,4,6,4,2,5,6,5,6
"83",83,4,5,6,3,5,5,3,3,3,5,5,5,5,4,5
"84",84,4,3,6,5,4,4,4,6,6,5,4,6,4,5,3
"85",85,5,6,6,4,4,6,4,5,5,3,2,4,1,5,1
"86",86,4,5,6,5,5,3,4,4,5,5,4,4,5,5,5
"87",87,6,6,6,4,5,3,1,1,1,6,6,6,6,4,3
"88",88,1,1,6,6,6,6,5,3,3,6,6,6,6,6,6
"89",89,5,5,6,6,5,3,2,1,6,4,3,2,5,4,3
"90",90,6,6,6,6,5,6,1,5,6,6,6,6,6,5,6
"91",91,6,6,6,4,3,3,2,2,2,4,4,5,6,4,4
"92",92,6,6,6,6,5,5,4,4,5,5,5,6,5,5,6
"93",93,4,2,6,5,4,2,5,4,3,4,4,4,4,2,1
"94",94,1,6,6,6,4,5,5,4,2,5,2,6,2,5,6
"95",95,5,5,6,6,6,5,3,4,4,6,4,5,5,2,5
"96",96,6,6,6,6,6,6,1,1,1,2,1,1,6,6,6
"97",97,6,5,6,4,4,3,1,4,3,5,6,5,5,2,4
"98",98,6,6,6,4,4,2,2,3,2,5,5,5,1,4,5
"99",99,6,6,6,6,6,NA,4,5,6,5,5,6,1,3,1
"100",100,6,6,6,6,6,4,1,2,2,6,5,3,6,5,6
"101",101,6,6,6,5,5,4,5,4,3,6,5,6,4,5,4
"102",102,5,5,6,6,6,6,5,5,6,5,6,6,1,6,5
"103",103,6,6,6,5,4,5,4,5,5,6,6,6,6,5,6
"104",104,5,6,6,5,5,4,3,4,3,6,2,5,5,6,5
"105",105,5,6,6,5,4,4,3,5,3,5,4,4,4,2,4
"106",106,3,4,6,5,4,6,4,5,5,6,6,6,5,5,5
"107",107,6,5,6,4,3,1,4,3,3,6,6,6,5,6,5
"108",108,6,4,6,6,4,4,2,4,3,5,2,4,4,5,4
"109",109,5,5,6,4,5,4,2,2,1,5,4,5,4,4,6
"110",110,5,5,6,6,5,5,4,5,5,5,4,5,4,4,3
"111",111,6,6,6,6,6,5,1,1,1,6,6,6,6,4,3
"112",112,6,6,6,5,5,3,2,3,2,4,3,5,4,6,6
"113",113,6,6,6,5,6,3,1,1,1,6,6,6,6,6,6
"114",114,4,4,6,6,5,5,2,5,4,5,6,6,5,4,3
"115",115,5,5,6,5,5,5,1,3,2,6,6,5,3,4,3
"116",116,3,5,6,5,4,5,1,5,2,5,4,5,6,2,3
"117",117,6,6,6,6,5,6,5,5,6,5,6,6,6,6,5
"118",118,4,2,6,5,5,6,1,1,6,5,4,6,4,4,6
"119",119,5,5,6,6,5,5,2,1,1,5,4,3,2,2,2
"120",120,6,6,6,1,4,3,6,4,3,6,6,6,1,6,1
"121",121,5,5,6,5,5,2,5,6,6,4,4,5,6,5,6
"122",122,6,6,6,5,4,4,3,3,2,6,5,6,5,4,3
"123",123,2,6,6,6,6,6,4,6,6,6,6,6,6,6,6
"124",124,4,4,6,4,3,3,1,2,1,5,4,3,2,3,3
"125",125,6,3,6,4,5,NA,3,2,2,2,5,5,3,2,4
"126",126,5,5,6,4,4,4,3,4,3,5,5,5,5,4,5
"127",127,5,5,6,5,5,5,4,4,3,6,5,5,6,6,6
"128",128,6,5,6,6,6,6,3,5,3,6,6,6,6,5,5
"129",129,5,4,6,5,6,5,1,1,3,6,5,5,1,1,1
"130",130,3,5,6,5,3,3,1,4,4,5,6,5,2,3,4
"131",131,4,5,6,5,5,5,4,3,5,5,4,5,5,4,4
"132",132,6,5,6,5,5,4,4,5,3,6,6,6,6,4,6
"133",133,6,4,6,6,5,6,1,1,2,2,2,3,5,2,5
"134",134,5,5,6,5,5,5,3,5,5,6,6,5,6,6,5
"135",135,5,5,6,6,5,3,5,6,4,6,4,5,5,5,4
"136",136,6,6,6,6,6,6,6,6,6,6,6,6,6,6,6
"137",137,5,5,6,5,5,4,4,5,5,4,4,4,4,5,3
"138",138,5,6,6,5,5,6,3,6,4,6,6,6,5,4,6
"139",139,5,5,6,5,5,3,4,5,4,6,5,6,5,6,5
"140",140,6,6,6,4,4,3,2,2,5,6,5,5,1,1,1
"141",141,6,6,6,5,6,6,6,6,6,5,6,6,6,6,6
"142",142,6,6,6,6,6,6,1,6,6,6,6,6,6,6,6
"143",143,2,2,6,6,5,5,3,5,3,5,6,6,6,5,5
"144",144,6,3,6,4,4,4,1,3,5,5,5,6,6,5,5
"145",145,6,5,6,5,2,2,5,5,5,5,5,5,4,3,3
"146",146,6,6,6,6,6,3,1,1,6,1,6,6,6,1,6
"147",147,3,5,6,5,5,3,3,5,5,3,4,4,3,4,4
"148",148,5,5,6,6,5,5,2,4,3,6,6,6,3,2,3
"149",149,1,6,6,6,3,1,6,6,6,6,3,6,1,5,4
"150",150,6,6,6,5,4,6,4,2,3,6,6,6,6,1,2
"151",151,6,6,6,5,5,6,1,1,2,6,5,5,5,5,5
"152",152,6,6,6,4,6,5,5,5,6,5,6,6,5,5,6
"153",153,1,2,6,5,6,6,4,5,5,4,3,3,1,4,2
"154",154,6,6,6,6,5,6,5,6,6,6,6,6,5,3,5
"155",155,5,4,6,5,5,3,5,5,4,5,5,5,5,4,5
"156",156,6,6,6,6,6,6,5,6,3,6,5,6,1,3,1
"157",157,6,6,6,5,6,6,3,4,2,6,6,6,6,6,5
"158",158,5,5,6,6,6,5,2,1,5,6,6,6,5,5,5
"159",159,4,3,6,5,4,3,6,6,6,6,6,6,4,4,3
"160",160,5,5,6,6,5,4,3,3,5,5,4,4,5,6,6
"161",161,5,6,6,6,6,6,5,6,6,6,5,6,6,6,6
"162",162,6,6,6,6,6,6,6,6,6,5,3,3,6,6,6
"163",163,6,6,6,4,3,1,1,3,2,5,2,5,6,6,6
"164",164,6,6,6,5,2,1,4,5,6,4,6,6,1,1,1
"165",165,5,5,6,5,5,3,4,5,5,5,5,5,3,4,3
"166",166,6,6,6,6,1,1,1,1,1,6,6,1,6,5,6
"167",167,6,6,6,6,5,4,3,3,3,2,2,1,6,6,6
"168",168,6,6,6,5,5,4,1,1,1,5,6,6,6,6,5
"169",169,6,6,6,5,5,3,3,6,5,6,5,6,5,5,5
"170",170,4,2,6,6,1,1,NA,1,1,6,3,3,2,2,1
"171",171,5,6,6,5,5,4,4,5,6,5,5,6,2,4,1
"172",172,6,6,6,5,5,2,5,5,6,3,3,6,5,2,6
"173",173,5,4,6,5,4,4,3,4,4,4,4,5,2,4,4
"174",174,6,6,6,5,6,6,1,5,2,6,6,5,6,6,6
"175",175,5,5,6,3,4,3,1,1,2,5,5,5,3,2,3
"176",176,6,6,6,6,6,6,5,5,6,6,6,6,6,6,6
"177",177,5,4,6,4,5,5,3,4,2,5,4,4,4,5,3
"178",178,6,1,6,5,5,6,6,6,6,5,6,6,5,6,6
"179",179,6,6,6,6,6,6,4,3,1,6,6,6,6,3,6
"180",180,5,4,6,5,4,3,4,5,4,6,6,5,1,5,3
"181",181,3,6,6,6,5,6,4,5,6,4,5,6,6,6,6
"182",182,6,6,6,5,4,4,1,1,2,3,2,2,6,4,6
"183",183,2,5,6,5,5,5,3,5,3,6,4,4,6,5,5
"184",184,6,6,6,6,6,1,3,6,3,6,6,4,6,4,3
"185",185,6,6,6,5,5,2,2,2,3,6,6,6,6,3,5
"186",186,6,6,6,6,6,5,5,5,6,6,6,6,6,4,6
"187",187,6,6,6,4,4,3,1,1,1,6,6,6,1,1,1
"188",188,5,6,6,3,5,1,2,6,6,4,6,6,6,2,3
"189",189,6,6,6,6,5,1,2,1,6,3,5,6,5,3,6
"190",190,5,5,6,5,5,5,2,2,3,4,3,4,4,4,2
"191",191,5,5,6,5,6,5,4,5,2,6,6,6,6,5,5
"192",192,6,6,6,4,2,2,1,1,1,6,5,4,3,5,3
"193",193,2,6,6,4,6,6,6,6,6,6,6,6,5,4,6
"194",194,6,6,6,6,1,1,6,1,6,6,6,6,1,1,3
"195",195,4,4,6,6,4,1,1,1,1,1,1,1,1,1,1
"196",196,6,6,6,6,5,5,4,3,5,5,4,3,3,3,4
"197",197,5,5,6,5,2,2,4,2,3,4,3,3,3,2,2
"198",198,5,6,6,3,5,1,1,4,5,6,5,5,1,2,3
"199",199,6,5,6,5,5,5,2,4,3,5,6,5,2,1,4
"200",200,5,4,6,5,3,3,2,3,3,6,6,5,5,5,5
"201",201,5,5,6,6,5,5,2,2,2,6,5,5,4,6,5
"202",202,5,5,6,5,6,4,2,2,2,6,5,5,4,3,3
"203",203,4,4,6,4,4,4,1,2,1,5,5,5,2,1,3
"204",204,6,6,6,4,5,5,5,5,2,6,6,6,5,5,5
"205",205,5,6,6,6,6,5,2,2,5,5,5,6,6,5,6
"206",206,6,4,6,5,5,5,5,6,2,6,5,6,4,5,5
"207",207,4,4,6,6,4,3,4,4,5,5,5,6,5,4,3
"208",208,5,5,6,6,6,6,4,5,4,6,3,5,5,5,5
"209",209,6,5,6,5,5,4,6,6,5,5,5,5,3,2,3
"210",210,6,5,6,6,5,5,1,1,2,6,5,4,6,4,5
"211",211,4,4,6,5,4,3,5,6,4,6,4,4,4,5,3
"212",212,5,5,6,4,4,5,4,4,5,4,5,5,4,4,3
"213",213,5,5,6,5,3,4,5,5,5,5,5,5,3,2,3
"214",214,6,6,6,5,6,6,3,2,6,5,5,6,5,5,6
"215",215,6,6,6,5,6,5,5,5,6,6,6,6,3,5,6
"216",216,6,6,6,5,5,5,1,1,3,2,3,4,3,1,3
"217",217,6,2,6,6,5,6,5,4,2,6,5,6,6,6,6
"218",218,4,5,6,5,4,2,4,4,5,4,6,6,3,3,3
"219",219,6,6,6,3,5,3,2,4,3,5,4,5,5,4,5
"220",220,6,6,6,5,6,1,5,6,6,6,6,6,3,4,5
"221",221,5,3,6,4,3,3,6,6,5,6,6,5,5,5,5
"222",222,6,6,6,6,6,6,3,6,1,6,6,6,6,6,6
"223",223,5,5,6,5,6,3,5,5,6,5,6,6,5,5,5
"224",224,4,6,6,4,5,4,1,1,6,6,4,6,4,3,3
"225",225,5,5,6,3,3,3,3,6,5,4,3,5,4,5,5
"226",226,1,6,6,6,6,6,6,6,1,6,6,6,6,6,6
"227",227,5,5,6,5,6,3,1,1,1,3,3,2,3,3,3
"228",228,3,3,6,5,5,5,2,4,4,5,5,6,5,5,4
"229",229,6,2,6,4,5,2,5,1,6,3,6,6,5,5,6
"230",230,5,5,6,6,5,5,6,5,6,6,5,5,3,3,3
"231",231,6,6,6,6,6,6,1,1,1,6,6,1,3,6,6
"232",232,2,4,6,6,5,6,5,6,6,5,6,6,5,5,3
"233",233,5,5,6,5,4,4,5,5,5,5,4,5,4,5,3
"234",234,6,6,6,6,6,6,5,5,6,5,3,4,6,6,6
"235",235,5,6,6,6,5,6,4,6,6,5,5,6,4,5,5
"236",236,6,4,6,5,5,4,5,5,5,5,6,5,2,5,3
"237",237,6,6,6,6,4,6,2,1,1,1,1,1,4,4,4
"238",238,6,6,6,6,6,6,1,6,6,6,6,6,6,6,6
"239",239,5,6,6,5,4,4,4,5,5,6,6,6,3,2,2
"240",240,6,6,6,5,5,5,5,6,5,6,5,6,5,5,4
"241",241,6,6,6,2,5,1,5,6,4,5,5,3,5,5,2
"242",242,6,6,6,5,4,3,3,2,1,5,4,5,5,5,5
"243",243,4,5,6,5,4,3,1,1,1,4,4,4,5,5,5
"244",244,5,6,6,3,4,5,3,3,3,5,4,4,5,5,6
"245",245,6,6,6,5,6,6,4,5,2,6,6,6,6,6,6
"246",246,6,6,6,4,5,6,3,6,5,4,4,4,2,4,5
"247",247,2,4,6,6,5,4,4,5,5,6,6,6,3,4,1
"248",248,6,5,6,5,4,4,3,2,3,5,5,5,4,4,4
"249",249,6,6,6,3,5,2,1,1,1,5,6,2,2,6,1
"250",250,4,4,6,5,5,4,4,3,4,4,4,4,4,3,6
"251",251,1,5,6,5,6,2,3,5,6,1,1,1,6,2,2
"252",252,1,5,6,6,6,6,5,4,2,5,6,5,6,5,6
"253",253,2,2,6,5,6,5,6,6,5,6,2,3,3,4,4
"254",254,6,3,6,6,6,5,4,5,6,5,5,6,6,6,6
"255",255,5,5,6,6,4,4,5,5,5,5,5,5,5,4,5
"256",256,6,5,6,5,4,3,5,6,6,5,5,6,2,5,5
"257",257,4,4,6,5,5,4,4,6,4,5,4,5,6,4,6
"258",258,5,5,6,3,4,5,2,2,2,5,5,5,3,4,4
"259",259,4,3,6,3,4,5,1,2,2,6,4,3,3,2,3
"260",260,6,5,6,5,5,5,1,1,1,4,5,5,1,1,1
"261",261,6,6,6,6,5,5,1,1,1,6,6,6,1,1,1
"262",262,6,6,6,5,6,6,1,5,2,6,6,3,6,6,6
"263",263,6,6,6,5,5,3,1,2,2,5,5,4,3,3,4
"264",264,2,5,6,4,5,6,2,6,2,5,6,5,6,5,6
"265",265,2,1,6,5,5,5,5,6,3,5,2,3,2,5,1
"266",266,4,4,6,5,6,6,5,3,4,4,4,5,3,4,3
"267",267,5,5,6,5,5,5,5,6,3,5,5,4,6,5,5
"268",268,5,6,6,5,6,5,2,1,2,4,2,3,1,2,1
"269",269,6,6,6,6,6,6,1,1,2,2,2,1,6,5,6
"270",270,5,5,6,5,4,5,1,2,2,6,5,4,2,5,4
"271",271,6,6,6,1,1,3,1,1,2,1,6,6,6,5,6
"272",272,6,5,6,4,4,4,1,1,1,4,3,1,5,5,4
"273",273,6,6,6,1,3,5,1,1,6,1,6,6,6,5,6
"274",274,6,6,6,6,6,6,6,6,6,6,6,6,6,6,6
"275",275,6,6,6,5,2,5,4,5,2,6,5,6,6,5,6
"276",276,5,5,6,5,5,4,2,1,2,2,2,5,3,NA,2
"277",277,5,4,6,5,4,2,4,4,5,6,5,6,5,5,4
"278",278,4,3,6,5,6,6,4,2,3,6,6,3,3,5,3
"279",279,6,6,6,5,6,1,6,1,6,6,5,6,3,1,2
"280",280,5,5,6,4,6,6,2,3,2,5,6,6,4,5,3
"281",281,5,6,6,5,5,5,3,5,6,6,6,6,6,5,6
"282",282,6,6,6,6,6,6,1,4,6,6,6,6,6,4,6
"283",283,5,5,6,4,5,4,2,2,2,5,5,5,3,3,3
"284",284,4,4,6,4,3,3,1,1,1,3,3,3,3,3,5
"285",285,6,4,6,4,5,5,4,5,3,5,6,5,3,1,3
"286",286,6,5,6,5,4,4,2,3,3,6,6,6,3,4,2
"287",287,6,3,6,6,6,6,1,6,6,6,6,6,1,1,1
"288",288,6,6,6,6,6,6,6,6,6,6,1,6,1,6,3
"289",289,6,6,6,6,6,4,5,5,6,6,6,6,2,5,3
"290",290,4,4,6,5,5,3,4,5,5,5,4,4,5,4,5
"291",291,5,5,6,5,3,3,2,3,1,5,4,5,2,1,2
"292",292,6,6,6,5,5,5,4,5,5,6,6,6,4,5,6
"293",293,5,5,6,4,4,3,2,2,2,5,4,2,3,4,4
"294",294,6,6,6,5,4,5,5,6,6,6,6,6,5,6,6
"295",295,3,6,6,4,5,5,1,1,1,5,4,2,3,3,1
"296",296,4,4,6,5,5,5,5,5,6,4,3,6,5,4,4
"297",297,6,6,6,5,6,5,2,2,1,6,6,5,5,3,3
"298",298,6,5,6,5,4,4,2,2,2,6,5,5,3,4,3
"299",299,3,4,6,6,6,5,4,1,2,6,5,5,5,5,3
"300",300,6,1,6,6,5,4,1,1,1,2,2,1,1,3,1
"301",301,6,6,6,6,6,6,4,4,6,6,6,6,6,6,6
"302",302,3,2,6,6,5,5,3,2,2,6,5,5,4,6,3
"303",303,5,6,6,5,5,5,2,2,3,5,5,5,5,3,3
"304",304,4,6,6,2,2,2,1,1,1,6,6,6,1,3,2
"305",305,5,5,6,6,5,5,5,2,5,5,6,5,4,4,3
"306",306,6,5,6,5,4,4,2,2,2,5,5,5,3,2,4
"307",307,6,6,6,2,4,2,4,4,4,1,2,2,5,3,5
"308",308,5,5,6,4,4,4,2,1,3,5,5,5,3,2,3
"309",309,6,6,6,6,6,5,4,5,3,6,NA,6,6,6,6
"310",310,4,5,6,3,4,2,2,1,3,5,5,3,2,2,2
"311",311,5,5,6,5,4,4,4,3,3,3,2,2,4,5,5
"312",312,NA,6,6,5,6,6,6,6,1,6,6,NA,1,6,6
"313",313,2,2,6,5,5,5,2,5,4,2,2,5,2,1,2
"314",314,6,6,6,6,6,6,3,1,1,6,4,3,2,5,3
"315",315,2,6,6,6,4,5,5,5,3,5,2,4,6,5,6
"316",316,5,5,6,5,5,4,3,5,5,6,1,6,5,4,3
"317",317,5,4,6,5,6,4,1,1,1,4,6,6,3,1,6
"318",318,6,6,6,6,5,4,4,3,3,5,4,4,3,3,4
"319",319,3,4,6,5,5,4,3,3,3,5,3,3,5,5,6
"320",320,6,6,6,5,5,4,2,3,4,4,6,6,1,2,2
"321",321,5,6,6,5,6,2,6,1,1,6,2,5,3,3,3
"322",322,6,6,6,4,5,6,3,5,6,6,6,6,5,3,5
"323",323,6,6,6,5,5,3,1,2,3,6,1,5,4,4,5
"324",324,6,5,6,6,5,6,5,6,5,5,5,5,5,6,5
"325",325,3,4,6,5,4,3,1,3,1,6,5,5,3,3,3
"326",326,5,5,5,5,4,3,5,5,5,5,5,5,5,4,3
"327",327,5,4,5,3,3,2,3,2,4,3,5,4,5,3,5
"328",328,5,4,5,5,4,4,1,3,3,5,5,5,3,4,3
"329",329,3,5,5,4,4,2,3,4,4,5,3,5,3,4,3
"330",330,4,3,5,4,4,3,4,4,3,5,4,3,2,3,3
"331",331,3,5,5,5,5,3,3,2,3,4,3,2,5,3,3
"332",332,5,4,5,5,4,4,4,4,5,3,5,5,6,4,3
"333",333,5,5,5,4,4,3,3,4,5,6,5,6,3,4,3
"334",334,5,5,5,3,4,4,3,3,4,3,5,4,5,2,5
"335",335,6,6,5,4,2,3,1,1,2,5,5,3,5,5,5
"336",336,6,6,5,5,5,5,2,4,5,5,5,6,5,5,6
"337",337,5,5,5,5,3,5,1,1,2,4,3,2,3,4,3
"338",338,4,5,5,4,5,4,5,5,5,5,5,5,4,2,2
"339",339,5,5,5,5,5,3,4,4,3,5,4,5,4,4,5
"340",340,5,5,5,6,4,5,2,4,5,2,2,4,3,4,3
"341",341,4,5,5,5,4,4,1,2,2,5,6,4,2,5,5
"342",342,2,6,5,5,5,5,5,5,5,5,5,5,5,5,6
"343",343,4,4,5,3,4,3,2,2,5,2,4,4,4,3,5
"344",344,5,5,5,5,5,5,2,2,3,5,4,4,5,5,5
"345",345,4,4,5,6,5,5,3,5,4,5,5,5,6,5,5
"346",346,6,2,5,2,2,4,2,4,5,3,NA,5,3,2,3
"347",347,5,3,5,4,2,4,4,4,5,NA,3,5,5,4,5
"348",348,4,3,5,5,5,4,5,4,5,4,3,5,5,3,5
"349",349,5,5,5,5,4,5,1,1,1,4,4,4,3,3,4
"350",350,6,6,5,4,5,4,1,1,1,6,6,6,4,2,3
"351",351,5,5,5,5,4,4,3,5,3,3,4,3,4,3,4
"352",352,4,3,5,6,5,4,3,4,6,5,5,6,5,3,5
"353",353,4,4,5,5,5,4,4,5,5,5,5,5,4,4,5
"354",354,5,5,5,5,4,3,3,2,2,4,3,4,5,5,5
"355",355,5,4,5,5,4,3,5,4,3,4,2,2,3,4,5
"356",356,5,5,5,4,4,3,5,5,5,4,4,5,5,5,5
"357",357,3,4,5,5,4,2,2,2,2,5,5,3,5,6,6
"358",358,4,5,5,4,5,4,2,2,2,4,4,5,4,4,4
"359",359,5,5,5,6,5,6,4,4,5,5,5,5,6,5,6
"360",360,2,2,5,5,5,5,5,5,4,5,5,5,4,5,4
"361",361,6,5,5,4,3,5,2,1,3,6,6,5,2,4,2
"362",362,5,5,5,5,4,4,2,2,4,5,5,5,5,4,5
"363",363,3,3,5,5,5,4,3,2,4,4,3,3,4,3,5
"364",364,4,5,5,3,3,3,2,2,5,2,4,4,5,2,4
"365",365,5,5,5,6,5,5,2,2,2,5,5,5,5,5,3
"366",366,4,4,5,4,4,3,3,3,3,5,5,4,4,4,5
"367",367,6,6,5,5,6,3,2,1,1,5,6,5,2,1,2
"368",368,5,4,5,5,4,4,3,3,5,3,3,3,4,4,5
"369",369,5,5,5,4,4,3,3,2,3,4,5,6,3,4,4
"370",370,5,5,5,5,4,5,4,2,4,5,4,3,5,5,4
"371",371,4,5,5,4,5,4,3,5,5,5,4,5,3,4,5
"372",372,2,2,5,3,5,4,1,2,2,5,5,5,5,4,3
"373",373,5,5,5,4,4,4,4,4,5,4,4,5,1,3,5
"374",374,3,3,5,5,5,5,4,2,3,5,4,4,4,4,5
"375",375,5,5,5,5,4,6,1,1,2,5,4,2,3,4,3
"376",376,4,5,5,5,4,3,3,2,3,4,5,5,5,3,3
"377",377,5,5,5,5,5,2,2,5,4,4,5,5,5,5,5
"378",378,5,4,5,5,5,5,5,5,2,5,5,4,2,4,3
"379",379,3,3,5,5,4,3,4,4,5,5,5,5,3,3,3
"380",380,5,5,5,5,5,5,2,3,4,5,4,4,5,5,5
"381",381,4,3,5,4,4,4,1,1,1,4,1,1,4,4,5
"382",382,5,5,5,5,5,5,2,2,2,2,2,2,5,5,5
"383",383,3,5,5,4,4,4,2,2,5,4,3,3,2,2,3
"384",384,4,5,5,4,3,4,2,3,3,4,5,4,5,3,3
"385",385,5,5,5,4,5,4,4,5,5,5,5,5,5,5,5
"386",386,2,4,5,5,5,5,2,5,5,2,NA,6,5,2,3
"387",387,4,5,5,5,4,5,2,2,2,5,4,4,3,3,3
"388",388,3,5,5,5,5,4,2,4,3,6,4,3,5,4,3
"389",389,NA,4,5,4,4,4,1,1,2,3,3,3,5,NA,6
"390",390,5,5,5,5,4,4,2,2,3,4,4,4,5,5,5
"391",391,4,5,5,5,4,4,2,4,5,4,6,5,6,3,5
"392",392,4,4,5,5,5,4,3,4,3,4,4,4,5,4,5
"393",393,5,5,5,5,4,4,4,3,5,5,4,5,3,2,4
"394",394,5,5,5,5,5,3,3,4,5,5,6,5,5,2,5
"395",395,5,5,5,4,4,4,3,2,2,3,4,4,5,5,4
"396",396,5,5,5,5,5,5,4,5,2,5,2,4,4,NA,3
"397",397,4,6,5,4,4,4,3,4,3,4,4,4,4,4,5
"398",398,6,5,5,5,4,4,4,2,3,6,6,6,2,4,2
"399",399,5,6,5,6,5,4,1,6,1,2,2,1,3,5,3
"400",400,5,5,5,5,5,3,2,3,4,4,3,4,4,4,4
"401",401,4,5,5,5,5,4,5,4,4,6,4,5,1,3,2
"402",402,5,5,5,6,5,2,4,2,2,5,5,5,5,5,5
"403",403,4,3,5,5,3,3,2,3,2,3,3,4,5,5,2
"404",404,2,4,5,5,4,NA,3,3,5,4,2,5,6,4,3
"405",405,4,5,5,4,5,4,5,4,4,5,5,5,5,5,5
"406",406,3,5,5,6,5,4,6,5,5,6,3,5,2,4,5
"407",407,5,2,5,5,5,3,1,1,1,6,5,5,5,2,5
"408",408,5,5,5,6,6,5,5,2,5,5,5,5,6,5,5
"409",409,5,5,5,6,3,4,2,4,3,6,5,6,6,6,4
"410",410,5,5,5,5,5,4,4,4,4,5,5,5,5,5,5
"411",411,6,5,5,6,5,3,5,5,5,5,5,5,6,4,5
"412",412,4,4,5,5,4,5,2,2,3,5,4,3,3,4,4
"413",413,3,3,5,5,5,5,1,2,3,5,4,5,5,4,5
"414",414,4,4,5,4,4,5,5,5,5,5,5,5,5,4,4
"415",415,5,5,5,5,6,3,5,3,5,5,5,5,3,3,4
"416",416,6,5,5,6,2,3,1,1,5,6,6,5,6,1,5
"417",417,1,1,5,6,5,6,1,6,1,5,6,3,6,3,2
"418",418,5,5,5,5,5,2,4,5,5,4,5,5,5,5,5
"419",419,4,4,5,5,5,3,2,5,6,5,5,6,6,5,6
"420",420,5,5,5,5,5,5,3,3,4,5,2,5,5,3,5
"421",421,6,6,5,5,3,4,2,2,2,4,2,2,6,6,6
"422",422,5,5,5,5,5,4,4,4,3,6,6,6,6,5,5
"423",423,5,5,5,2,2,3,2,3,4,3,4,5,6,3,4
"424",424,5,5,5,5,4,4,1,1,1,5,4,4,5,4,5
"425",425,3,4,5,5,5,5,2,2,1,5,4,3,4,2,1
"426",426,4,4,5,5,5,5,3,3,4,4,5,4,5,5,4
"427",427,5,4,5,4,5,3,2,2,3,5,4,5,3,4,5
"428",428,5,5,5,4,4,2,3,3,3,5,2,3,4,5,6
"429",429,5,6,5,5,4,5,1,1,2,6,6,5,3,4,2
"430",430,5,5,5,5,5,5,5,4,5,5,5,6,5,4,5
"431",431,5,5,5,5,5,4,2,2,2,5,5,5,5,2,2
"432",432,5,5,5,4,5,5,2,2,2,5,5,5,3,4,3
"433",433,5,3,5,5,4,5,3,2,3,3,3,3,4,1,3
"434",434,5,5,5,5,4,4,1,1,2,5,5,6,3,1,2
"435",435,4,4,5,5,4,4,1,3,2,6,5,5,3,3,4
"436",436,4,5,5,5,5,5,3,2,2,4,4,4,5,4,4
"437",437,5,4,5,5,5,4,4,3,5,5,6,5,5,5,3
"438",438,5,5,5,5,4,4,2,1,2,6,5,5,3,NA,3
"439",439,4,5,5,4,5,5,5,4,4,4,5,5,5,4,5
"440",440,4,5,5,6,4,4,5,4,4,5,3,5,4,5,5
"441",441,5,5,5,5,4,5,2,2,2,2,2,2,3,5,5
"442",442,5,6,5,6,6,6,2,6,6,6,6,6,5,5,6
"443",443,5,6,5,6,5,6,3,5,5,5,3,NA,6,5,6
"444",444,5,5,5,5,5,4,2,2,5,3,4,3,2,4,3
"445",445,5,3,5,5,5,5,1,2,2,6,6,4,3,2,3
"446",446,6,5,5,5,4,2,3,4,3,6,6,6,4,4,2
"447",447,6,6,5,5,6,3,4,5,6,5,5,6,5,4,4
"448",448,5,5,5,5,4,4,2,2,2,3,3,3,4,4,5
"449",449,2,4,5,6,5,4,3,5,3,6,5,6,3,2,3
"450",450,6,6,5,5,NA,4,4,5,4,6,5,5,3,3,2
"451",451,5,5,5,4,5,5,2,2,3,5,5,5,5,5,5
"452",452,4,5,5,5,5,4,2,4,3,5,5,6,5,5,6
"453",453,5,5,5,5,5,5,2,2,3,5,5,5,2,5,2
"454",454,6,6,5,5,5,5,3,5,3,6,5,6,4,4,5
"455",455,5,5,5,5,5,4,1,3,4,5,5,5,6,5,5
"456",456,5,5,5,5,4,2,4,4,3,5,6,3,1,2,2
"457",457,6,5,5,5,5,4,1,1,2,5,3,2,5,3,3
"458",458,3,3,5,5,5,3,6,4,3,3,4,4,2,5,3
"459",459,4,5,5,4,4,4,2,3,2,5,5,5,5,4,5
"460",460,5,5,5,6,5,5,5,5,4,6,5,5,5,2,5
"461",461,4,5,5,5,5,4,2,3,3,5,4,3,3,4,5
"462",462,4,4,5,5,4,5,4,5,4,6,5,5,3,4,3
"463",463,3,4,5,5,4,4,5,4,3,5,5,5,6,5,5
"464",464,5,5,5,5,4,4,5,5,5,5,5,5,4,4,5
"465",465,1,6,5,5,4,4,1,2,1,3,2,2,6,6,4
"466",466,5,5,5,5,4,5,2,2,2,5,5,5,5,5,5
"467",467,6,6,5,5,5,4,1,1,3,6,5,5,3,4,3
"468",468,2,5,5,5,4,5,2,2,2,5,5,5,4,5,5
"469",469,5,6,5,5,6,4,5,5,6,6,6,6,5,5,5
"470",470,3,5,5,5,4,4,4,4,4,5,5,5,4,5,3
"471",471,5,3,5,5,3,4,2,4,2,5,4,5,5,2,5
"472",472,6,6,5,4,4,4,4,5,4,4,3,3,1,4,1
"473",473,4,5,5,2,4,3,2,2,2,5,5,5,5,3,4
"474",474,5,5,5,5,5,5,3,3,2,4,4,4,3,4,4
"475",475,1,6,5,3,3,4,2,1,3,3,3,4,3,4,6
"476",476,4,5,5,5,4,4,5,2,3,5,4,4,4,4,5
"477",477,4,5,5,5,4,5,1,3,2,6,5,5,4,5,4
"478",478,4,4,5,5,5,4,3,2,3,4,3,3,5,5,5
"479",479,5,4,5,4,4,5,2,1,3,5,5,5,2,3,2
"480",480,4,3,5,4,5,5,2,4,2,5,5,5,5,5,3
"481",481,5,5,5,5,5,3,4,5,4,5,4,4,5,5,5
"482",482,4,5,5,6,5,4,1,2,3,5,5,5,4,4,5
"483",483,5,5,5,6,5,4,2,3,5,5,5,5,5,5,5
"484",484,5,4,5,5,5,3,4,4,3,5,5,4,4,5,5
"485",485,5,5,5,5,5,5,5,5,5,5,5,5,5,5,5
"486",486,5,5,5,5,5,4,6,5,5,5,3,5,5,4,5
"487",487,4,3,5,4,3,5,2,2,2,5,5,5,3,3,3
"488",488,5,5,5,6,5,5,2,3,3,5,5,5,5,5,6
"489",489,5,5,5,6,5,6,2,4,3,5,5,4,5,5,6
"490",490,4,4,5,5,4,5,3,3,3,4,4,4,5,4,3
"491",491,5,4,5,4,4,4,2,2,3,5,2,4,2,2,3
"492",492,5,5,5,5,4,5,1,1,1,6,1,6,3,2,1
"493",493,5,5,5,5,3,3,1,1,1,5,5,5,1,2,1
"494",494,2,5,5,5,5,5,5,5,5,5,2,5,5,5,5
"495",495,5,5,5,6,5,5,4,6,5,5,5,5,5,5,3
"496",496,5,4,5,5,3,4,2,3,3,5,5,5,2,3,2
"497",497,2,3,5,4,4,4,5,5,3,5,4,3,3,4,4
"498",498,4,4,5,5,5,3,2,4,3,5,6,5,3,5,3
"499",499,5,5,5,5,5,4,5,5,4,4,4,4,3,2,2
"500",500,5,5,5,5,4,3,4,3,4,5,5,5,2,3,4
"501",501,5,6,5,5,5,4,4,4,4,4,5,4,4,3,4
"502",502,5,5,5,6,5,4,4,2,4,5,4,4,3,4,3
"503",503,5,5,5,5,5,5,2,5,5,5,5,5,5,4,4
"504",504,5,5,5,6,6,5,4,5,NA,6,6,6,2,3,3
"505",505,6,6,5,5,5,5,3,5,6,6,6,6,6,6,6
"506",506,1,1,5,5,4,3,1,1,1,4,6,1,1,5,1
"507",507,5,5,5,5,5,5,4,5,5,5,5,5,5,3,5
"508",508,5,5,5,6,5,3,3,4,3,6,3,5,5,3,4
"509",509,3,3,5,4,3,3,4,3,4,4,3,3,4,2,5
"510",510,2,5,5,5,5,6,6,6,5,5,5,5,6,5,5
"511",511,5,5,5,3,3,2,1,1,1,2,2,2,5,4,4
"512",512,5,5,5,4,4,3,3,5,5,6,1,6,2,3,2
"513",513,4,3,5,4,5,5,2,2,2,2,2,2,5,4,4
"514",514,5,5,5,5,6,6,2,2,2,5,4,4,4,5,5
"515",515,4,5,5,5,5,4,5,3,4,5,6,4,3,5,4
"516",516,5,5,5,6,5,5,2,2,3,5,3,5,5,5,5
"517",517,6,5,5,5,6,3,4,2,3,6,4,5,5,4,5
"518",518,4,6,5,5,5,6,4,5,5,3,3,4,3,3,5
"519",519,5,5,5,5,5,5,2,2,4,5,5,5,5,5,4
"520",520,5,5,5,5,5,4,4,3,5,5,5,5,2,4,2
"521",521,3,4,5,6,5,6,3,4,4,3,3,4,4,4,4
"522",522,5,5,5,6,5,3,3,6,6,5,6,6,5,4,4
"523",523,4,4,5,4,5,3,4,5,5,5,5,5,6,5,5
"524",524,4,3,5,2,2,2,1,1,2,5,5,5,2,2,1
"525",525,5,5,5,4,4,4,2,3,2,5,4,5,6,5,5
"526",526,5,4,5,5,5,5,2,2,2,5,4,5,4,5,4
"527",527,4,4,5,5,2,2,3,3,2,4,3,4,4,4,3
"528",528,5,5,5,5,5,3,5,5,4,5,4,5,2,4,3
"529",529,5,4,5,4,5,5,2,3,3,5,5,5,3,3,3
"530",530,2,4,5,6,4,5,4,4,4,6,3,5,6,6,6
"531",531,5,5,5,5,5,5,3,4,5,6,5,5,5,5,6
"532",532,6,6,5,5,4,4,2,5,2,6,5,6,3,5,5
"533",533,5,5,5,5,5,5,2,2,2,5,5,5,5,3,3
"534",534,5,4,5,6,5,4,3,5,4,4,5,4,4,1,3
"535",535,5,6,5,6,5,6,4,5,6,4,5,6,5,5,5
"536",536,5,5,5,5,4,3,2,5,3,2,2,3,3,3,4
"537",537,4,3,5,5,4,2,2,4,4,5,6,5,3,3,2
"538",538,4,4,5,5,5,4,4,4,3,5,5,5,5,5,5
"539",539,4,4,5,5,4,5,1,1,2,5,2,3,2,1,2
"540",540,5,5,5,2,3,3,4,6,4,4,5,4,5,5,5
"541",541,6,6,5,4,5,3,2,1,5,6,5,5,3,3,4
"542",542,5,5,5,5,5,4,5,5,3,5,5,5,3,3,3
"543",543,6,6,5,5,5,3,2,2,1,5,5,5,2,3,2
"544",544,2,2,5,3,2,2,2,2,5,2,1,2,2,2,2
"545",545,6,6,5,4,5,5,3,3,4,6,6,6,6,4,3
"546",546,5,5,5,4,5,5,4,4,3,5,4,5,3,5,3
"547",547,4,4,5,5,5,5,2,2,2,6,3,4,5,6,5
"548",548,5,5,5,5,5,5,5,5,5,5,5,5,5,5,5
"549",549,2,5,5,3,5,3,2,2,3,4,5,2,4,4,2
"550",550,4,5,5,5,4,4,2,3,3,3,5,2,4,3,3
"551",551,3,3,5,4,4,4,4,4,3,4,3,3,3,4,3
"552",552,4,5,5,5,5,5,5,5,5,5,5,5,3,4,5
"553",553,3,3,5,5,5,4,4,4,3,4,4,3,5,4,5
"554",554,4,5,5,5,1,1,2,1,3,4,3,1,1,1,2
"555",555,5,6,5,6,5,5,4,5,5,6,6,6,5,3,5
"556",556,5,6,5,3,5,3,4,5,4,5,4,5,5,3,4
"557",557,3,5,5,6,5,5,4,4,4,4,3,4,6,5,6
"558",558,5,5,5,5,5,4,4,6,4,5,5,4,4,4,5
"559",559,5,5,5,5,4,4,2,2,2,5,5,5,5,5,5
"560",560,3,4,5,5,4,4,2,4,2,6,4,4,3,NA,5
"561",561,5,5,5,5,4,4,4,5,5,5,4,5,5,5,5
"562",562,6,6,5,5,5,3,4,5,4,5,5,4,6,5,3
"563",563,5,5,5,5,5,5,4,3,3,4,4,2,5,4,4
"564",564,4,6,5,5,5,5,1,3,5,5,5,6,6,5,6
"565",565,4,4,5,4,3,1,2,2,2,4,4,4,3,2,3
"566",566,5,5,5,6,6,5,4,5,5,6,5,5,6,5,5
"567",567,5,5,5,5,3,2,2,3,3,4,4,3,4,2,4
"568",568,5,5,5,6,5,4,2,2,3,4,4,4,5,4,5
"569",569,3,4,5,5,5,2,2,2,1,4,4,3,5,5,3
"570",570,4,4,5,5,4,4,3,3,3,5,5,5,5,4,5
"571",571,4,3,5,5,5,5,2,4,5,6,6,6,5,5,5
"572",572,3,6,5,5,5,3,1,1,2,5,1,3,6,5,6
"573",573,4,3,5,5,4,3,2,4,4,4,3,4,4,4,5
"574",574,3,3,5,6,5,5,4,5,3,5,5,5,4,5,5
"575",575,5,5,5,5,4,5,2,2,2,5,2,5,5,5,5
"576",576,4,4,5,5,4,5,4,4,4,4,4,4,5,4,4
"577",577,4,4,5,3,4,2,2,4,5,3,NA,4,3,4,3
"578",578,5,5,5,5,5,4,4,4,4,4,4,4,5,4,4
"579",579,3,4,5,5,5,2,4,5,4,5,5,5,4,4,3
"580",580,5,5,5,4,4,3,1,1,2,5,4,4,3,3,2
"581",581,5,5,5,5,5,5,1,2,2,5,4,3,3,4,3
"582",582,5,5,5,3,5,4,4,2,3,5,5,5,5,5,4
"583",583,5,5,5,5,5,5,4,4,5,4,4,5,5,4,5
"584",584,2,3,5,1,1,2,1,1,2,3,4,4,5,4,4
"585",585,4,4,5,4,3,1,3,3,3,5,4,4,3,4,2
"586",586,5,3,5,4,3,3,4,4,3,4,5,3,3,4,3
"587",587,3,2,5,3,4,3,1,2,2,5,5,5,2,3,1
"588",588,2,4,5,5,4,4,2,2,2,4,3,3,NA,3,3
"589",589,5,5,5,5,5,5,2,2,2,5,5,5,5,5,5
"590",590,4,4,5,5,5,3,3,2,4,6,5,5,4,4,4
"591",591,5,6,5,5,5,4,4,4,3,5,3,5,6,5,6
"592",592,5,2,5,6,6,5,5,5,5,5,5,5,5,5,6
"593",593,5,5,5,5,5,5,4,5,5,5,5,5,5,5,5
"594",594,5,6,5,5,3,4,2,1,2,3,1,2,6,5,5
"595",595,3,3,5,4,3,3,1,2,2,6,5,6,2,4,2
"596",596,3,3,5,6,5,5,2,3,3,4,3,4,5,4,4
"597",597,3,4,5,5,5,4,5,5,5,6,6,6,5,5,5
"598",598,5,3,5,5,5,4,4,3,4,5,5,4,3,2,2
"599",599,4,4,5,4,4,3,2,2,3,5,5,5,3,3,1
"600",600,6,5,5,5,4,5,4,4,4,5,5,5,5,4,5
"601",601,4,4,5,5,4,4,3,3,4,4,3,4,4,4,4
"602",602,2,2,5,4,3,3,1,1,1,5,5,5,4,3,4
"603",603,5,2,5,4,5,4,1,2,2,4,5,4,2,3,1
"604",604,5,4,5,5,2,4,1,3,2,5,3,5,2,1,2
"605",605,5,5,5,5,4,2,5,5,5,5,5,5,3,2,2
"606",606,3,3,4,3,5,5,3,2,3,3,5,4,6,4,3
"607",607,5,5,4,4,4,1,3,3,2,3,3,4,5,5,5
"608",608,4,4,4,4,4,4,3,3,3,4,4,4,5,4,5
"609",609,5,5,4,6,6,5,2,3,6,4,4,3,6,5,5
"610",610,3,5,4,2,4,4,4,4,4,5,5,4,2,3,3
"611",611,4,4,4,4,5,3,4,6,4,6,5,4,3,5,3
"612",612,4,3,4,5,3,5,3,3,3,3,3,3,3,4,3
"613",613,5,5,4,4,4,3,2,3,3,3,3,3,3,4,3
"614",614,4,3,4,5,5,4,5,5,4,2,2,3,3,4,4
"615",615,5,5,4,5,5,4,5,4,4,6,5,5,4,5,6
"616",616,3,4,4,5,NA,3,4,3,3,NA,2,4,4,4,3
"617",617,5,6,4,6,5,6,4,4,3,6,2,5,6,6,6
"618",618,5,5,4,5,5,4,4,2,4,4,3,4,2,3,3
"619",619,5,6,4,5,5,5,2,3,3,5,3,4,5,5,6
"620",620,5,3,4,4,2,3,2,4,4,3,3,4,4,3,5
"621",621,2,2,4,5,3,5,2,2,2,5,5,5,3,2,2
"622",622,6,6,4,5,3,5,2,4,5,4,5,6,5,5,2
"623",623,5,4,4,5,3,3,1,2,2,4,4,3,1,2,2
"624",624,6,6,4,5,6,5,4,3,2,4,4,1,5,4,6
"625",625,5,5,4,2,4,3,2,3,2,6,5,5,3,5,3
"626",626,5,6,4,6,4,3,1,1,1,4,4,3,3,5,6
"627",627,3,3,4,5,1,4,3,3,3,2,2,5,4,5,1
"628",628,5,4,4,4,5,3,5,4,3,5,NA,3,4,5,4
"629",629,4,4,4,4,5,4,3,4,4,5,5,4,5,5,4
"630",630,5,5,4,3,2,2,2,2,2,4,3,3,4,3,4
"631",631,4,4,4,4,5,4,3,4,4,3,4,4,4,3,4
"632",632,6,6,4,5,3,5,2,2,2,5,6,5,3,3,4
"633",633,3,4,4,4,4,4,4,3,3,4,4,3,3,4,4
"634",634,4,4,4,4,4,4,3,3,4,3,4,4,4,3,4
"635",635,NA,4,4,5,4,4,4,4,3,5,5,4,4,5,4
"636",636,4,5,4,5,4,4,2,3,4,5,4,4,4,3,5
"637",637,4,4,4,5,4,4,2,3,4,3,4,4,4,3,4
"638",638,3,5,4,5,3,4,2,3,3,5,4,4,5,5,5
"639",639,5,5,4,4,3,3,2,2,3,5,5,3,3,2,4
"640",640,5,3,4,3,4,6,3,4,5,4,6,4,4,5,5
"641",641,3,4,4,5,4,3,3,4,4,4,4,4,4,4,3
"642",642,3,4,4,6,3,2,1,1,3,5,4,4,4,3,4
"643",643,5,5,4,5,4,3,4,4,5,5,5,5,5,4,5
"644",644,4,4,4,3,5,5,4,3,4,5,4,4,4,3,3
"645",645,4,4,4,5,5,3,2,4,4,5,5,5,3,3,3
"646",646,4,4,4,5,5,3,4,3,4,5,4,4,4,4,4
"647",647,3,3,4,4,3,3,2,2,2,5,5,4,3,5,3
"648",648,4,4,4,4,4,4,3,3,2,4,4,4,5,4,4
"649",649,5,5,4,6,5,4,2,3,3,3,2,5,6,6,5
"650",650,3,4,4,5,4,4,4,3,4,3,4,4,4,3,4
"651",651,3,3,4,5,5,5,2,2,3,5,3,3,5,5,3
"652",652,4,4,4,5,3,3,2,3,3,5,5,4,2,2,3
"653",653,4,3,4,3,4,4,3,5,4,5,4,3,3,4,3
"654",654,3,4,4,5,3,3,1,4,5,2,1,5,4,5,3
"655",655,4,5,4,3,4,4,3,3,5,4,2,5,3,3,5
"656",656,6,5,4,5,5,5,2,1,2,6,6,6,6,4,5
"657",657,3,5,4,5,4,4,2,2,2,3,4,4,5,4,5
"658",658,2,3,4,5,5,4,1,1,2,5,4,4,2,3,3
"659",659,4,5,4,5,4,4,3,3,3,3,3,3,5,5,5
"660",660,4,3,4,4,6,3,3,2,2,6,4,4,4,4,3
"661",661,5,5,4,6,4,3,3,3,3,5,2,4,5,5,5
"662",662,3,4,4,4,5,4,2,4,3,4,5,4,4,4,5
"663",663,5,6,4,5,5,2,2,1,2,6,6,6,4,6,6
"664",664,4,4,4,5,5,4,3,3,2,6,4,5,3,4,2
"665",665,5,3,4,5,3,4,1,1,1,6,5,4,2,2,3
"666",666,1,3,4,5,3,4,4,4,2,3,3,3,3,5,3
"667",667,4,4,4,4,3,3,3,3,4,3,4,4,4,3,4
"668",668,4,5,4,4,4,2,5,5,6,3,2,2,2,3,2
"669",669,5,4,4,5,5,3,4,4,5,5,5,6,2,2,5
"670",670,5,3,4,6,4,3,1,1,2,6,5,5,1,2,2
"671",671,6,6,4,4,5,4,5,5,5,6,6,6,5,4,4
"672",672,5,5,4,5,5,3,2,2,3,5,5,5,5,4,3
"673",673,5,5,4,5,5,4,2,4,3,5,5,5,3,5,5
"674",674,4,4,4,5,4,3,3,4,4,6,6,6,2,1,2
"675",675,3,3,4,6,4,4,3,3,2,4,4,2,2,5,3
"676",676,4,4,4,5,5,5,3,4,4,5,2,5,5,5,5
"677",677,5,5,4,5,5,4,4,4,5,2,4,5,5,4,5
"678",678,5,5,4,5,3,4,3,3,4,4,5,5,2,3,4
"679",679,3,2,4,5,3,4,4,4,3,4,2,3,3,4,4
"680",680,4,4,4,5,5,4,3,3,3,4,4,4,2,4,3
"681",681,4,3,4,4,4,3,4,5,4,5,5,4,4,4,4
"682",682,5,5,4,6,4,4,5,5,5,6,4,5,4,4,4
"683",683,2,3,4,4,5,4,2,4,3,3,4,4,3,3,3
"684",684,1,2,4,6,6,6,3,4,3,5,1,6,1,4,1
"685",685,5,5,4,5,4,4,2,1,2,5,5,5,2,1,2
"686",686,3,4,4,2,3,2,3,3,5,2,4,5,5,4,3
"687",687,3,4,4,4,4,3,1,2,2,5,5,5,2,2,3
"688",688,5,1,4,5,4,5,1,1,5,5,5,5,2,2,5
"689",689,4,3,4,4,4,3,4,4,4,4,4,4,3,4,4
"690",690,5,4,4,5,4,3,1,4,4,5,4,5,3,3,3
"691",691,3,4,4,5,4,4,2,3,2,4,4,4,4,4,4
"692",692,6,5,4,6,6,4,2,4,2,4,4,4,5,3,5
"693",693,2,4,4,4,4,3,2,2,2,5,3,3,3,3,3
"694",694,3,3,4,5,3,4,2,2,2,4,4,3,4,3,3
"695",695,5,5,4,5,5,5,2,2,2,4,5,4,1,4,3
"696",696,3,3,4,5,4,4,2,3,3,5,4,3,3,4,3
"697",697,4,4,4,5,5,4,3,4,4,5,4,5,3,5,4
"698",698,3,2,4,2,2,1,1,1,1,4,2,3,5,4,5
"699",699,5,4,4,5,5,4,2,2,3,5,5,5,5,5,5
"700",700,4,4,4,6,4,3,2,3,4,4,4,4,2,4,3
"701",701,5,5,4,5,4,4,2,3,3,6,6,6,6,5,4
"702",702,4,4,4,5,5,3,2,3,4,4,3,4,4,4,4
"703",703,5,4,4,4,4,4,4,4,3,5,2,3,1,2,1
"704",704,4,4,4,5,5,5,5,5,6,4,6,5,6,6,6
"705",705,4,6,4,5,5,4,1,1,2,3,3,3,5,5,5
"706",706,5,4,4,5,4,3,4,5,4,5,5,5,5,4,4
"707",707,3,2,4,6,3,3,5,5,3,3,3,2,3,5,2
"708",708,3,4,4,4,4,3,2,2,3,5,3,4,5,3,4
"709",709,6,6,4,6,6,6,3,4,6,6,6,6,1,6,6
"710",710,4,4,4,3,3,3,3,NA,3,2,5,5,4,3,5
"711",711,4,4,4,5,5,4,5,3,2,5,4,4,3,5,4
"712",712,4,5,4,5,3,2,5,5,4,4,5,4,5,5,6
"713",713,5,5,4,6,3,2,1,1,1,5,4,5,2,4,1
"714",714,3,6,4,6,5,5,1,2,2,6,4,4,6,5,5
"715",715,5,5,4,5,3,3,4,3,3,4,4,4,2,4,3
"716",716,4,4,4,3,3,2,1,1,1,4,3,3,4,3,3
"717",717,2,2,4,5,5,5,4,5,3,5,5,5,5,4,5
"718",718,5,3,4,3,3,3,3,2,3,3,4,3,5,3,4
"719",719,5,6,4,3,4,2,3,4,3,4,6,3,4,4,2
"720",720,4,4,4,5,4,2,3,4,3,4,4,4,3,3,3
"721",721,4,2,4,5,2,3,1,1,2,6,5,4,4,2,1
"722",722,6,6,4,5,5,6,2,5,6,5,6,5,6,5,6
"723",723,2,4,4,5,5,4,4,5,4,4,4,4,6,5,6
"724",724,4,3,4,6,4,3,5,5,4,6,4,4,2,3,1
"725",725,5,4,4,4,5,5,3,4,2,3,6,2,5,2,2
"726",726,4,5,4,5,5,5,2,2,2,5,5,6,4,3,3
"727",727,4,3,4,5,5,4,5,5,4,5,5,5,5,5,5
"728",728,5,4,4,5,3,5,4,2,5,NA,5,5,3,2,4
"729",729,6,6,4,5,5,5,5,6,6,6,6,6,5,5,5
"730",730,4,4,4,5,6,3,5,5,5,4,3,3,4,6,5
"731",731,6,6,4,5,4,5,2,1,2,5,5,5,5,5,3
"732",732,3,2,4,5,5,5,2,3,3,4,5,4,6,3,6
"733",733,3,3,4,5,4,5,4,3,4,5,5,5,5,5,4
"734",734,5,5,4,5,4,5,3,3,4,4,3,3,3,3,3
"735",735,4,4,4,6,5,5,3,3,3,4,2,2,4,3,2
"736",736,4,4,4,4,5,4,2,2,2,4,4,4,4,4,4
"737",737,5,5,4,4,4,4,2,2,2,6,5,5,3,5,3
"738",738,3,5,4,2,3,3,4,4,5,2,3,3,4,4,3
"739",739,6,5,4,6,5,5,5,5,5,4,5,5,4,3,3
"740",740,4,4,4,4,3,3,3,3,4,3,4,4,4,3,4
"741",741,2,5,4,5,5,4,3,3,3,4,2,3,5,5,5
"742",742,5,5,4,5,4,3,3,4,5,4,3,5,3,5,4
"743",743,2,2,4,4,4,4,2,5,1,3,3,2,4,4,2
"744",744,4,3,4,6,4,3,3,4,4,3,4,3,4,3,4
"745",745,4,3,4,5,4,3,5,4,2,6,5,4,4,4,3
"746",746,5,5,4,6,6,5,2,4,3,5,6,5,2,4,3
"747",747,6,6,4,5,4,2,4,2,3,5,4,4,3,4,4
"748",748,4,4,4,6,5,6,1,2,2,5,5,4,6,3,6
"749",749,6,6,4,5,4,3,1,2,2,6,6,5,3,4,3
"750",750,4,3,4,6,6,4,5,6,5,6,6,6,5,5,5
"751",751,5,4,4,6,5,6,3,4,1,6,5,5,2,3,1
"752",752,3,3,4,5,5,4,4,4,4,4,3,4,4,4,4
"753",753,4,4,4,5,5,5,4,4,3,4,3,3,3,4,4
"754",754,5,6,4,6,5,3,4,3,3,4,1,2,6,6,5
"755",755,1,2,4,5,4,4,4,1,2,2,1,1,2,2,3
"756",756,3,4,4,4,3,4,3,3,3,4,4,4,4,4,4
"757",757,4,4,4,5,5,4,1,1,2,5,4,3,3,3,4
"758",758,4,2,4,5,4,4,4,4,3,5,3,4,4,4,2
"759",759,2,3,4,5,4,4,2,1,1,5,5,5,4,4,4
"760",760,4,3,3,5,5,3,2,2,4,3,4,4,3,3,2
"761",761,4,3,3,3,4,4,2,3,3,2,4,3,5,3,3
"762",762,3,5,3,5,5,5,4,5,5,5,2,2,5,4,5
"763",763,3,4,3,4,5,4,4,5,3,4,4,2,2,4,4
"764",764,3,3,3,5,4,4,4,4,3,4,3,3,3,4,3
"765",765,5,3,3,3,2,3,3,1,2,4,3,1,2,3,4
"766",766,2,2,3,3,5,5,2,5,3,5,5,5,5,5,5
"767",767,4,5,3,5,4,4,3,4,3,5,5,4,5,4,4
"768",768,3,3,3,5,3,4,4,3,3,4,4,4,4,4,4
"769",769,2,3,3,4,5,4,1,5,4,2,4,4,3,4,2
"770",770,4,4,3,3,3,4,2,3,3,4,3,3,5,4,5
"771",771,6,5,3,4,5,4,1,1,1,5,4,5,5,5,3
"772",772,2,5,3,5,4,5,2,1,3,4,3,4,5,5,4
"773",773,5,5,3,5,3,2,2,3,2,5,4,4,5,5,5
"774",774,3,3,3,5,3,3,4,4,2,4,3,3,4,4,4
"775",775,4,4,3,4,5,4,1,1,2,6,4,3,3,5,3
"776",776,5,4,3,5,4,3,1,1,3,4,4,4,2,2,1
"777",777,3,4,3,4,4,4,4,4,3,4,3,3,3,4,4
"778",778,4,3,3,5,2,3,1,2,2,5,2,3,3,4,4
"779",779,5,6,3,5,5,4,1,3,2,5,4,4,4,4,3
"780",780,3,3,3,5,4,5,4,5,5,2,1,1,4,4,4
"781",781,4,4,3,5,4,5,4,5,5,5,5,5,6,5,6
"782",782,4,4,3,5,5,3,5,4,5,5,6,5,5,4,5
"783",783,3,3,3,5,4,4,4,5,2,5,2,2,3,4,4
"784",784,4,3,3,3,3,3,4,4,4,4,NA,4,4,3,3
"785",785,4,4,3,3,4,4,1,1,1,5,5,5,5,4,5
"786",786,4,5,3,4,5,3,3,2,4,2,3,5,4,2,3
"787",787,3,1,3,4,3,3,1,3,2,2,2,3,3,3,2
"788",788,5,3,3,5,5,5,2,4,3,5,5,5,5,5,6
"789",789,3,4,3,5,4,4,4,4,2,3,4,5,3,5,4
"790",790,4,4,3,5,5,3,4,3,3,4,4,5,4,3,4
"791",791,4,4,3,6,4,4,3,3,3,4,3,3,5,4,4
"792",792,3,3,3,5,4,3,5,3,4,4,3,4,3,4,3
"793",793,3,3,3,5,NA,4,1,4,2,6,5,6,6,4,5
"794",794,3,4,3,5,4,5,2,3,3,5,5,4,5,4,5
"795",795,2,3,3,5,5,3,4,5,3,4,2,4,3,5,3
"796",796,3,3,3,5,3,5,1,4,4,2,2,5,4,3,1
"797",797,3,3,3,3,4,4,2,5,4,2,3,4,4,4,3
"798",798,4,3,3,5,5,4,4,3,3,4,4,4,3,4,3
"799",799,6,2,3,5,4,5,4,5,3,5,2,1,2,5,3
"800",800,5,5,3,4,5,5,5,2,6,4,2,2,2,4,6
"801",801,4,3,3,6,3,4,4,4,4,5,4,5,4,4,4
"802",802,4,3,3,4,3,4,5,4,4,4,5,5,3,3,3
"803",803,3,2,3,5,4,5,2,4,3,4,5,5,4,5,5
"804",804,3,4,3,5,3,3,2,2,2,5,3,4,2,2,2
"805",805,4,2,3,5,4,4,3,4,3,5,4,4,4,4,4
"806",806,3,3,3,5,4,4,4,3,3,4,3,3,4,4,4
"807",807,3,4,3,4,4,3,3,3,4,4,4,4,4,3,4
"808",808,3,3,3,5,4,4,2,3,3,4,3,4,3,3,3
"809",809,3,4,3,5,4,5,3,2,3,3,2,3,5,3,5
"810",810,5,3,3,3,5,3,4,5,4,4,5,5,2,4,3
"811",811,4,5,3,5,5,2,3,4,5,5,5,5,5,3,2
"812",812,4,2,3,5,5,4,3,2,1,6,5,5,3,2,2
"813",813,4,2,3,4,2,NA,2,5,4,4,3,5,2,4,4
"814",814,3,6,3,6,6,5,2,5,2,2,5,6,6,3,6
"815",815,3,2,3,5,5,5,5,4,2,5,2,3,3,4,2
"816",816,5,4,3,2,4,2,5,5,6,2,3,4,4,3,3
"817",817,6,6,3,4,6,4,2,1,3,5,5,5,6,6,6
"818",818,4,4,3,3,2,3,2,3,3,3,3,3,4,4,4
"819",819,3,3,3,5,4,4,1,3,4,4,3,4,5,3,4
"820",820,4,5,3,4,5,5,2,5,5,5,5,5,5,4,5
"821",821,3,3,3,5,4,5,4,3,3,4,2,4,2,4,3
"822",822,3,3,3,5,4,3,5,3,2,3,2,4,3,3,2
"823",823,4,3,3,4,4,4,2,5,2,5,2,4,5,4,5
"824",824,4,4,3,5,4,4,4,3,4,3,4,4,3,4,3
"825",825,6,3,3,5,5,2,6,6,6,5,6,3,3,4,3
"826",826,4,3,3,4,3,3,4,4,3,4,3,4,4,4,3
"827",827,3,3,3,4,4,4,4,4,3,4,3,3,3,4,3
"828",828,4,3,3,6,5,4,1,2,2,6,4,2,2,3,2
"829",829,3,3,3,3,5,5,3,4,2,3,3,4,4,4,3
"830",830,6,5,3,5,4,4,2,4,2,4,6,5,3,1,2
"831",831,4,3,3,2,3,4,3,4,4,5,3,3,3,3,4
"832",832,3,3,3,4,4,4,4,4,3,4,3,3,3,4,3
"833",833,5,5,3,6,5,5,1,4,4,5,5,4,6,3,5
"834",834,5,3,3,2,3,2,2,2,5,2,3,3,5,2,5
"835",835,3,4,3,3,5,3,2,4,4,2,4,4,4,4,4
"836",836,3,3,3,5,4,4,2,4,3,4,2,6,6,6,6
"837",837,3,3,3,4,4,4,4,4,3,4,3,3,3,4,3
"838",838,3,3,3,6,4,4,5,4,2,6,2,2,2,4,3
"839",839,3,2,3,4,4,3,4,4,4,3,3,4,3,3,NA
"840",840,4,5,3,5,5,4,2,3,3,3,4,3,5,5,5
"841",841,3,3,2,5,5,6,4,5,4,5,2,3,3,4,3
"842",842,2,1,2,5,3,5,5,2,2,5,2,5,5,2,1
"843",843,5,4,2,5,5,6,1,3,3,5,4,4,6,6,6
"844",844,3,2,2,5,5,4,3,3,3,5,4,4,3,5,3
"845",845,6,3,2,2,3,4,3,3,3,3,3,3,5,4,4
"846",846,6,3,2,4,3,6,1,4,2,5,6,2,4,5,6
"847",847,3,4,2,6,2,3,2,3,4,2,3,2,5,4,4
"848",848,4,4,2,6,4,4,1,4,3,4,4,3,3,2,2
"849",849,2,2,2,5,5,5,5,5,2,5,2,2,2,5,2
"850",850,4,4,2,5,2,5,3,5,4,4,3,3,4,2,3
"851",851,4,5,2,5,5,5,3,4,5,4,5,4,5,4,5
"852",852,3,3,2,3,4,4,3,4,3,3,4,2,3,4,4
"853",853,5,2,2,3,2,2,2,1,2,2,6,2,5,2,3
"854",854,2,3,2,5,5,6,4,4,2,4,3,4,2,4,3
"855",855,4,3,2,5,4,3,2,2,1,5,2,5,3,2,5
"856",856,4,4,2,6,3,3,3,3,4,3,4,2,4,3,4
"857",857,5,3,2,2,3,4,3,3,3,3,3,3,4,3,3
"858",858,5,5,2,6,5,5,1,5,2,3,4,5,3,3,2
"859",859,2,4,2,4,3,3,2,4,3,3,1,5,4,4,4
"860",860,4,4,2,5,4,2,2,2,2,5,3,2,2,3,4
"861",861,2,5,2,5,6,4,5,2,3,5,2,3,4,3,3
"862",862,2,2,2,4,5,5,3,5,2,5,2,2,5,5,5
"863",863,2,5,2,5,5,3,4,6,1,2,5,2,1,3,4
"864",864,4,3,2,5,5,5,1,1,2,6,6,6,4,3,3
"865",865,1,1,2,6,6,5,4,4,3,3,3,3,2,2,2
"866",866,3,4,2,5,4,3,2,1,2,4,NA,2,3,2,3
"867",867,2,2,2,5,5,5,1,2,2,6,6,6,6,5,5
"868",868,6,5,2,5,5,3,1,3,3,5,5,4,1,4,2
"869",869,3,3,2,5,5,2,5,5,2,3,2,5,3,2,2
"870",870,5,5,2,5,4,5,2,2,2,5,5,4,4,3,5
"871",871,6,4,2,3,3,3,4,4,4,3,3,3,3,4,3
"872",872,2,2,2,5,5,6,2,4,4,3,2,4,3,5,1
"873",873,3,3,2,6,5,3,4,4,3,4,2,2,3,4,4
"874",874,2,2,2,5,5,6,1,2,2,4,5,5,5,6,4
"875",875,3,2,2,3,2,3,4,3,3,3,5,3,3,3,5
"876",876,4,4,2,5,5,5,2,3,2,4,3,2,3,5,4
"877",877,3,2,2,4,3,6,2,4,2,3,4,2,4,3,3
"878",878,4,4,2,5,5,4,4,2,3,5,5,5,5,5,4
"879",879,4,4,2,5,4,4,2,3,3,4,4,3,3,4,2
"880",880,4,4,2,3,3,4,3,4,5,4,3,3,4,3,4
"881",881,2,2,2,5,3,3,3,3,2,4,3,2,3,5,4
"882",882,6,6,2,5,1,1,1,1,1,5,3,1,3,4,4
"883",883,5,2,2,4,5,4,5,5,2,3,2,2,2,5,3
"884",884,2,3,2,2,5,3,2,2,5,4,4,3,2,5,4
"885",885,3,3,2,5,5,4,4,5,5,5,2,3,4,3,2
"886",886,3,3,2,4,3,4,5,4,3,3,2,2,2,3,2
"887",887,3,3,2,5,4,5,1,1,3,5,4,5,3,4,3
"888",888,NA,1,1,3,2,NA,4,3,1,1,2,2,5,3,5
"889",889,2,5,1,1,1,5,2,5,4,3,4,3,3,4,3
"890",890,3,4,1,5,3,5,4,2,4,4,3,3,2,2,3
"891",891,3,4,1,2,2,2,1,1,1,5,4,4,3,3,2
"892",892,2,2,1,5,4,3,2,2,3,5,5,5,4,5,4
"893",893,2,2,1,4,3,1,1,1,1,3,2,1,1,2,1
"894",894,1,1,1,6,6,6,6,6,1,6,1,1,1,6,1
"895",895,5,6,1,5,5,6,1,1,1,6,3,4,1,5,2
"896",896,1,3,1,5,5,4,4,5,2,2,1,2,2,6,1
"897",897,3,3,1,6,6,3,5,3,4,3,3,3,3,6,5
"898",898,1,2,1,5,5,6,2,4,3,2,3,3,4,2,3
"899",899,1,1,1,5,6,5,1,1,1,6,6,6,4,6,4
"900",900,2,2,1,3,3,3,4,3,4,5,3,4,3,2,4
"901",901,3,6,1,5,6,3,3,1,1,4,3,3,2,4,1
"902",902,2,5,1,5,3,5,2,2,3,5,4,5,3,2,3
"903",903,3,2,1,4,4,4,4,4,1,4,4,4,3,3,2
"904",904,1,6,1,6,6,6,1,1,1,6,1,1,6,3,1
"905",905,3,4,1,3,4,3,2,4,5,4,2,2,5,5,4
"906",906,3,3,1,5,6,5,5,5,3,6,1,3,1,6,1
"907",907,1,6,1,3,2,1,1,1,1,6,1,1,2,1,6
"908",908,4,1,1,6,5,4,6,5,2,5,3,2,1,6,1
"909",909,6,6,1,5,5,6,1,1,5,4,4,4,3,2,2
"910",910,1,1,1,1,1,4,1,1,1,6,6,6,3,5,2
"911",911,6,6,1,5,4,4,2,2,2,2,4,5,5,4,5
"912",912,6,6,6,6,6,6,1,2,2,5,5,5,2,4,4
